{
  "selectedDay": "tasksMo",
  "tasksMo": [
    {
      "text": "Kochen",
      "completed": true
    },
    {
      "text": "Fußball schauen",
      "completed": true
    },
    {
      "text": "Wäsche machen",
      "completed": true
    },
    {
      "text": "Milch holen",
      "completed": true
    }
  ],
  "tasksDi": [
    {
      "text": "Milch trinken",
      "completed": false
    },
    {
      "text": "Einkaufen",
      "completed": false
    },
    {
      "text": "Katze waschen",
      "completed": false
    }
  ],
  "tasksMi": [
    {
      "text": "Kochen",
      "completed": true
    },
    {
      "text": "Fußball schauen",
      "completed": true
    },
    {
      "text": "Wäsche machen",
      "completed": true
    },
    {
      "text": "Milch holen",
      "completed": true
    }
  ],
  "tasksDo": [
    {
      "text": "xcacaca",
      "completed": true
    },
    {
      "text": "acsac",
      "completed": true
    },
    {
      "text": "sac",
      "completed": true
    },
    {
      "text": "sac",
      "completed": true
    }
  ],
  "tasksFr": [
    {
      "text": "Milch",
      "completed": false
    },
    {
      "text": "Schokolade",
      "completed": false
    }
  ],
  "tasksSa": [
    {
      "text": "Öl",
      "completed": false
    }
  ],
  "tasksSo": [
    {
      "text": "Milch trinken",
      "completed": true
    },
    {
      "text": "Einkaufen",
      "completed": true
    },
    {
      "text": "Katze waschen",
      "completed": true
    }
  ],
  "tasks": [
    {
      "text": "Margarine",
      "completed": false
    }
  ]
}
      "text": "Margarine",
      "completed": false
    }
  ]
}